{
  "name": "CZPowGate",
  "attrs": {
    "exponent": -1.9073486328125e-06,
    "global_shift": 0.0,
    "eps": 4.7619047619047624e-12
  },
  "score": null,
  "callees": []
}