{
  "name": "CZPowGate",
  "attrs": {
    "exponent": -6.103515625e-05,
    "global_shift": 0.0,
    "eps": 5.5555555555555555e-12
  },
  "score": null,
  "callees": []
}