{
  "name": "CZPowGate",
  "attrs": {
    "exponent": -1.52587890625e-05,
    "global_shift": 0.0,
    "eps": 5.263157894736842e-12
  },
  "score": null,
  "callees": []
}