{
  "name": "CZPowGate",
  "attrs": {
    "exponent": -7.62939453125e-06,
    "global_shift": 0.0,
    "eps": 5.5555555555555555e-12
  },
  "score": null,
  "callees": []
}