{
  "name": "CZPowGate",
  "attrs": {
    "exponent": -3.814697265625e-06,
    "global_shift": 0.0,
    "eps": 5.0000000000000005e-12
  },
  "score": null,
  "callees": []
}