{
  "name": "CZPowGate",
  "attrs": {
    "exponent": -0.000244140625,
    "global_shift": 0.0,
    "eps": 6.666666666666667e-12
  },
  "score": null,
  "callees": []
}